<application>
  <component name="AppStorage">
    <histories>
      <item value="&lt;p&gt;&lt;strong&gt;Note:&lt;/strong&gt; only one {@code @Configuration} class may have the * {@code @EnableWebMvc} annotation to import the Spring Web MVC * configuration. There can however be multiple {@code @Configuration} classes * implementing {@code WebMvcConfigurer} in order to customize the provided * configuration." />
      <item value="Whether the browser should send credentials, such as cookies along with * cross domain requests, to the annotated endpoint. The configured value is * set on the {@code Access-Control-Allow-Credentials} response header of * preflight requests. * &lt;p&gt;&lt;strong&gt;NOTE:&lt;/strong&gt; Be aware that this option establishes a high * level of trust with the configured domains and also increases the surface * attack of the web application by exposing sensitive user-specific * information such as cookies and CSRF tokens. * &lt;p&gt;By default this is not set in which case the * {@code Access-Control-Allow-Credentials} header is also not set and * credentials are therefore not allowed." />
      <item value="underlying" />
      <item value="variant" />
      <item value="* Exclude specific auto-configuration class names such that they will never be * applied. * @return the class names to exclude * @since 1.3.0" />
      <item value="* Indicates a {@link Configuration configuration} class that declares one or more * {@link Bean @Bean} methods and also triggers {@link EnableAutoConfiguration * auto-configuration} and {@link ComponentScan component scanning}. This is a convenience * annotation that is equivalent to declaring {@code @Configuration}, * {@code @EnableAutoConfiguration} and {@code @ComponentScan}." />
      <item value="* {@link Bean @Bean} methods and also triggers {@link EnableAutoConfiguration * auto-configuration} and {@link ComponentScan component scanning}. This is a convenience * annotation that is equivalent to declaring {@code @Configuration}, * {@code @EnableAutoConfiguration} and {@code @ComponentScan}." />
      <item value="Indicates" />
      <item value="Configuration" />
      <item value="Indicates a {@link Configuration configuration} class that declares one or more" />
      <item value="Amap Application" />
      <item value="** * Indicates a {@link Configuration configuration} class that declares one or more * {@link Bean @Bean} methods and also triggers {@link EnableAutoConfiguration * auto-configuration} and {@link ComponentScan component scanning}. This is a convenience * annotation that is equivalent to declaring {@code @Configuration}, * {@code @EnableAutoConfiguration} and {@code @ComponentScan}." />
      <item value="Indicates a {@link Configuration configuration} class that declares one or more * {@link Bean @Bean} methods and also triggers {@link EnableAutoConfiguration * auto-configuration} and {@link ComponentScan component scanning}. This is a convenience * annotation that is equivalent to declaring {@code @Configuration}, * {@code @EnableAutoConfiguration} and {@code @ComponentScan}." />
      <item value="Application" />
    </histories>
    <option name="languageScores">
      <map>
        <entry key="CHINESE" value="15" />
        <entry key="ENGLISH" value="16" />
        <entry key="FRENCH" value="2" />
      </map>
    </option>
  </component>
  <component name="Settings">
    <option name="googleTranslateSettings">
      <google-translate>
        <option name="primaryLanguage" value="CHINESE" />
        <option name="useTranslateGoogleCom" value="false" />
      </google-translate>
    </option>
    <option name="ignoreRegExp" value="" />
    <option name="translator" value="ai.youdao" />
    <option name="youdaoTranslateSettings">
      <youdao-translate>
        <option name="appId" value="58f6cc4bf40c4a48" />
        <option name="appKeyConfigured" value="true" />
        <option name="primaryLanguage" value="CHINESE" />
      </youdao-translate>
    </option>
  </component>
</application>