<application>
  <component name="GitRememberedInputs">
    <option name="visitedUrls">
      <list>
        <UrlAndUserName>
          <option name="url" value="http://public.gitlab.asoco.com.cn" />
          <option name="userName" value="shenjie" />
        </UrlAndUserName>
        <UrlAndUserName>
          <option name="url" value="http://gitlab.asoco.com.cn" />
          <option name="userName" value="shenjie" />
        </UrlAndUserName>
      </list>
    </option>
  </component>
</application>