<application>
  <component name="EasyCodeSetting">
    <option name="author" value="shenjies88" />
    <option name="templateGroupMap">
      <map>
        <entry key="Default">
          <value>
            <TemplateGroup>
              <option name="elementList">
                <list>
                  <Template>
                    <option name="code" value="#set($tableName = $tool.append($tableInfo.name, &quot;Do&quot;))&#10;&#10;##设置文件名&#10;$!callback.setFileName($tool.append($tableName, &quot;.java&quot;))&#10;$!callback.setSavePath($tool.append($tableInfo.savePath, &quot;/entity&quot;))&#10;&#10;#if($tableInfo.savePackageName)package $!{tableInfo.savePackageName}.#{end}entity;&#10;&#10;##使用全局变量实现默认包导入&#10;$!autoImport&#10;&#10;/**&#10; *&#10; * @author shenjies88&#10; * @since  $time.currTime()&#10; */&#10;@Data&#10;@NoArgsConstructor&#10;@AllArgsConstructor&#10;@ApiModel(description = &quot;$!{tableInfo.comment}&quot;)&#10;public class $!{tableName} {&#10;&#10;#foreach($column in $tableInfo.fullColumn)&#10;    #if(${column.comment})@ApiModelProperty(value = &quot;${column.comment}&quot;, example = &quot;${column.comment}&quot;)#end&#10;&#10;    private $!{tool.getClsNameByFullName($column.type)} $!{column.name};&#10;    &#10;#end&#10;}" />
                    <option name="name" value="entity.java" />
                  </Template>
                  <Template>
                    <option name="code" value="##定义初始变量&#10;#set($tableName = $tool.append($tableInfo.name, &quot;Dao&quot;))&#10;##设置回调&#10;$!callback.setFileName($tool.append($tableName, &quot;.java&quot;))&#10;$!callback.setSavePath($tool.append($tableInfo.savePath, &quot;/dao&quot;))&#10;&#10;##拿到主键&#10;#if(!$tableInfo.pkColumn.isEmpty())&#10;    #set($pk = $tableInfo.pkColumn.get(0))&#10;#end&#10;&#10;#if($tableInfo.savePackageName)package $!{tableInfo.savePackageName}.#{end}dao;&#10;&#10;import $!{tableInfo.savePackageName}.entity.$!{tableInfo.name};&#10;import org.apache.ibatis.annotations.Param;&#10;import java.util.List;&#10;&#10;/**&#10; * $!{tableInfo.comment}($!{tableInfo.name})表数据库访问层&#10; *&#10; * @author $!author&#10; * @since $!time.currTime()&#10; */&#10;public interface $!{tableName} {&#10;&#10;    /**&#10;     * 通过ID查询单条数据&#10;     *&#10;     * @param $!pk.name 主键&#10;     * @return 实例对象&#10;     */&#10;    $!{tableInfo.name} queryById($!pk.shortType $!pk.name);&#10;&#10;    /**&#10;     * 查询指定行数据&#10;     *&#10;     * @param offset 查询起始位置&#10;     * @param limit 查询条数&#10;     * @return 对象列表&#10;     */&#10;    List&lt;$!{tableInfo.name}&gt; queryAllByLimit(@Param(&quot;offset&quot;) int offset, @Param(&quot;limit&quot;) int limit);&#10;&#10;&#10;    /**&#10;     * 通过实体作为筛选条件查询&#10;     *&#10;     * @param $!tool.firstLowerCase($!{tableInfo.name}) 实例对象&#10;     * @return 对象列表&#10;     */&#10;    List&lt;$!{tableInfo.name}&gt; queryAll($!{tableInfo.name} $!tool.firstLowerCase($!{tableInfo.name}));&#10;&#10;    /**&#10;     * 新增数据&#10;     *&#10;     * @param $!tool.firstLowerCase($!{tableInfo.name}) 实例对象&#10;     * @return 影响行数&#10;     */&#10;    int insert($!{tableInfo.name} $!tool.firstLowerCase($!{tableInfo.name}));&#10;&#10;    /**&#10;     * 修改数据&#10;     *&#10;     * @param $!tool.firstLowerCase($!{tableInfo.name}) 实例对象&#10;     * @return 影响行数&#10;     */&#10;    int update($!{tableInfo.name} $!tool.firstLowerCase($!{tableInfo.name}));&#10;&#10;    /**&#10;     * 通过主键删除数据&#10;     *&#10;     * @param $!pk.name 主键&#10;     * @return 影响行数&#10;     */&#10;    int deleteById($!pk.shortType $!pk.name);&#10;&#10;}" />
                    <option name="name" value="dao.java" />
                  </Template>
                  <Template>
                    <option name="code" value="##定义初始变量&#10;#set($tableName = $tool.append($tableInfo.name, &quot;Service&quot;))&#10;##实体名&#10;#set($doName = $tool.append($tableInfo.name, &quot;Do&quot;))&#10;##实体变量名&#10;#set($doShotName = $tool.firstLowerCase($!{doName}))&#10;##Mapper名&#10;#set($mapperName = $tool.append($tableInfo.name, &quot;Mapper&quot;))&#10;##Mapper变量名&#10;#set($mapperShotName = $tool.firstLowerCase($!{mapperName}))&#10;&#10;##设置回调&#10;$!callback.setFileName($tool.append($tableName, &quot;.java&quot;))&#10;$!callback.setSavePath($tool.append($tableInfo.savePath, &quot;/service&quot;))&#10;&#10;&#10;#if($tableInfo.savePackageName)package $!{tableInfo.savePackageName}.#{end}service;&#10;&#10;import java.util.List;&#10;&#10;/**&#10; * @author $!author&#10; * @since $!time.currTime()&#10; */&#10; @AllArgsConstructor&#10; @Service&#10;public class ${tableName} {&#10;&#10;    private ${mapperName} ${mapperShotName};&#10;    &#10;    @Transactional&#10;    public void add($!{doName} ${doShotName}) {this.${mapperShotName}.add(${doShotName});}&#10;    &#10;    @Transactional&#10;    public void update($!{doName} $!{doShotName}) {this.${mapperShotName}.update(${doShotName});}&#10;    &#10;    @Transactional&#10;    public void delete(List&lt;Integer&gt; ids) {this.${mapperShotName}.delete(ids);}&#10;    &#10;    public Page queryListPage(Integer pageIndex, Integer pageSize) {&#10;&#10;        Integer count = this.${mapperShotName}.querylistCount();&#10;        Integer pageNum = (count + pageSize - 1) / pageSize;&#10;        if (pageIndex &gt; pageNum) {&#10;            return new Page(1, 1, 1, 0, new ArrayList&lt;&gt;());&#10;        }&#10;&#10;        Integer offset = (pageIndex - 1) * pageSize;&#10;        List&lt;${doName}&gt; list = this.${mapperShotName}.queryListPage(offset, pageSize);&#10;&#10;        return Page.pageFormat(list, pageIndex, pageSize, count, pageNum);&#10;     }&#10;}" />
                    <option name="name" value="service.java" />
                  </Template>
                  <Template>
                    <option name="code" value="##定义初始变量&#10;#set($tableName = $tool.append($tableInfo.name, &quot;ServiceImpl&quot;))&#10;##设置回调&#10;$!callback.setFileName($tool.append($tableName, &quot;.java&quot;))&#10;$!callback.setSavePath($tool.append($tableInfo.savePath, &quot;/service/impl&quot;))&#10;&#10;##拿到主键&#10;#if(!$tableInfo.pkColumn.isEmpty())&#10;    #set($pk = $tableInfo.pkColumn.get(0))&#10;#end&#10;&#10;#if($tableInfo.savePackageName)package $!{tableInfo.savePackageName}.#{end}service.impl;&#10;&#10;import $!{tableInfo.savePackageName}.entity.$!{tableInfo.name};&#10;import $!{tableInfo.savePackageName}.dao.$!{tableInfo.name}Dao;&#10;import $!{tableInfo.savePackageName}.service.$!{tableInfo.name}Service;&#10;import org.springframework.stereotype.Service;&#10;&#10;import javax.annotation.Resource;&#10;import java.util.List;&#10;&#10;/**&#10; * $!{tableInfo.comment}($!{tableInfo.name})表服务实现类&#10; *&#10; * @author $!author&#10; * @since $!time.currTime()&#10; */&#10;@Service(&quot;$!tool.firstLowerCase($!{tableInfo.name})Service&quot;)&#10;public class $!{tableName} implements $!{tableInfo.name}Service {&#10;    @Resource&#10;    private $!{tableInfo.name}Dao $!tool.firstLowerCase($!{tableInfo.name})Dao;&#10;&#10;    /**&#10;     * 通过ID查询单条数据&#10;     *&#10;     * @param $!pk.name 主键&#10;     * @return 实例对象&#10;     */&#10;    @Override&#10;    public $!{tableInfo.name} queryById($!pk.shortType $!pk.name) {&#10;        return this.$!{tool.firstLowerCase($!{tableInfo.name})}Dao.queryById($!pk.name);&#10;    }&#10;&#10;    /**&#10;     * 查询多条数据&#10;     *&#10;     * @param offset 查询起始位置&#10;     * @param limit 查询条数&#10;     * @return 对象列表&#10;     */&#10;    @Override&#10;    public List&lt;$!{tableInfo.name}&gt; queryAllByLimit(int offset, int limit) {&#10;        return this.$!{tool.firstLowerCase($!{tableInfo.name})}Dao.queryAllByLimit(offset, limit);&#10;    }&#10;&#10;    /**&#10;     * 新增数据&#10;     *&#10;     * @param $!tool.firstLowerCase($!{tableInfo.name}) 实例对象&#10;     * @return 实例对象&#10;     */&#10;    @Override&#10;    public $!{tableInfo.name} insert($!{tableInfo.name} $!tool.firstLowerCase($!{tableInfo.name})) {&#10;        this.$!{tool.firstLowerCase($!{tableInfo.name})}Dao.insert($!tool.firstLowerCase($!{tableInfo.name}));&#10;        return $!tool.firstLowerCase($!{tableInfo.name});&#10;    }&#10;&#10;    /**&#10;     * 修改数据&#10;     *&#10;     * @param $!tool.firstLowerCase($!{tableInfo.name}) 实例对象&#10;     * @return 实例对象&#10;     */&#10;    @Override&#10;    public $!{tableInfo.name} update($!{tableInfo.name} $!tool.firstLowerCase($!{tableInfo.name})) {&#10;        this.$!{tool.firstLowerCase($!{tableInfo.name})}Dao.update($!tool.firstLowerCase($!{tableInfo.name}));&#10;        return this.queryById($!{tool.firstLowerCase($!{tableInfo.name})}.get$!tool.firstUpperCase($pk.name)());&#10;    }&#10;&#10;    /**&#10;     * 通过主键删除数据&#10;     *&#10;     * @param $!pk.name 主键&#10;     * @return 是否成功&#10;     */&#10;    @Override&#10;    public boolean deleteById($!pk.shortType $!pk.name) {&#10;        return this.$!{tool.firstLowerCase($!{tableInfo.name})}Dao.deleteById($!pk.name) &gt; 0;&#10;    }&#10;}" />
                    <option name="name" value="serviceImpl.java" />
                  </Template>
                  <Template>
                    <option name="code" value="##定义初始变量&#10;#set($tableName = $tool.append($tableInfo.name, &quot;Controller&quot;))&#10;##实体名&#10;#set($doName = $tool.append($tableInfo.name, &quot;Do&quot;))&#10;##实体变量名&#10;#set($doShotName = $tool.firstLowerCase($!{doName}))&#10;##服务名&#10;#set($serviceName = $tool.append($tableInfo.name, &quot;Service&quot;))&#10;##服务变量名&#10;#set($serviceShotName = $tool.firstLowerCase($!{serviceName}))&#10;&#10;##设置回调&#10;$!callback.setFileName($tool.append($tableName, &quot;.java&quot;))&#10;$!callback.setSavePath($tool.append($tableInfo.savePath, &quot;/controller&quot;))&#10;&#10;&#10;#if($tableInfo.savePackageName)package $!{tableInfo.savePackageName}.#{end}controller;&#10;&#10;##自动导包&#10;$!autoImport&#10;import java.util.List;&#10;&#10;/**&#10; * @author $!author&#10; * @since $!time.currTime()&#10; */&#10;@Api(tags = &quot;&quot;)&#10;@AllArgsConstructor&#10;@RequestMapping(&quot;&quot;)&#10;@RestController&#10;public class $!{tableName} {&#10;&#10;    private $!{serviceName} $!{serviceShotName};&#10;&#10;    @ApiOperation(&quot;增加$!{tableInfo.comment}实体}&quot;)&#10;    @PostMapping(&quot;/add&quot;)&#10;    public HttpResult add(@RequestBody $!{doName} $!{doShotName}) {&#10;&#10;        this.$!{serviceShotName}.add($!{doShotName});&#10;        return HttpResult.success();&#10;    }&#10;&#10;    @ApiOperation(&quot;更新$!{tableInfo.comment}实体&quot;)&#10;    @PostMapping(&quot;/update&quot;)&#10;    public HttpResult update(@RequestBody $!{doName} $!{doShotName}) {&#10;&#10;        this.$!{serviceShotName}.update($!{doShotName});&#10;        return HttpResult.success();&#10;    }&#10;&#10;    @ApiOperation(&quot;删除$!{tableInfo.comment}实体&quot;)&#10;    @PostMapping(&quot;/delete&quot;)&#10;    public HttpResult delete(@RequestBody List&lt;Integer&gt; ids) {&#10;&#10;        this.$!{serviceShotName}.delete(ids);&#10;        return HttpResult.success();&#10;    }&#10;&#10;    @ApiOperation(&quot;$!{tableInfo.comment}列表&quot;)&#10;    @GetMapping(&quot;/list&quot;)&#10;    public HttpResult list(@ApiParam(value = &quot;页标&quot;, required = false) @RequestParam(required = false, defaultValue = &quot;1&quot;) Integer pageIndex,&#10;                           @ApiParam(value = &quot;页限制数&quot;, required = false) @RequestParam(required = false, defaultValue = &quot;10&quot;) Integer pageSize) {&#10;&#10;        Page list = this.$!{serviceShotName}.queryListPage(pageIndex, pageSize);&#10;        return HttpResult.success(list);&#10;    }&#10;}" />
                    <option name="name" value="controller.java" />
                  </Template>
                  <Template>
                    <option name="code" value="##引入mybatis支持&#10;$!mybatisSupport&#10;##Do名&#10;#set($doName = $tool.append($tableInfo.name, &quot;Do&quot;))&#10;##Mapper名&#10;#set($mapperName = $tool.append($tableInfo.name, &quot;Mapper&quot;))&#10;&#10;##设置保存名称与保存位置&#10;$!callback.setFileName($tool.append($!{tableInfo.name}, &quot;Mapper.xml&quot;))&#10;$!callback.setSavePath($tool.append($modulePath, &quot;/src/main/resources/mapper&quot;))&#10;&#10;##拿到主键&#10;#if(!$tableInfo.pkColumn.isEmpty())&#10;    #set($pk = $tableInfo.pkColumn.get(0))&#10;#end&#10;&#10;&lt;?xml version=&quot;1.0&quot; encoding=&quot;UTF-8&quot;?&gt;&#10;&lt;!DOCTYPE mapper PUBLIC &quot;-//mybatis.org//DTD Mapper 3.0//EN&quot; &quot;http://mybatis.org/dtd/mybatis-3-mapper.dtd&quot;&gt;&#10;&lt;mapper namespace=&quot;$!{tableInfo.savePackageName}.mapper.$!{mapperName}&quot;&gt;&#10;    &#10;    &lt;!-- add方法注意清除一下不需要的字段和最后的逗号  --&gt;&#10;    &lt;sql id=&quot;${doName}&quot;&gt;&#10;        #allSqlColumn()&#10;        &#10;    &lt;sql&gt;&#10;    &#10;    &lt;insert id=&quot;add&quot;&gt;&#10;        insert into  $!tableInfo.obj.name ( &lt;include refid=&quot;${doName}&quot;&gt;&lt;/include&gt; ) values&#10;        (&#10;        null,&#10;#foreach($column in $tableInfo.otherColumn)&#10;         &lt;choose&gt;&#10;            &lt;when test=&quot;data.$!column.name != null#if($column.type.equals(&quot;java.lang.String&quot;)) and data.$!column.name != ''#end&quot;&gt;&#10;                #{data.$!column.name},&#10;            &lt;/when&gt;&#10;            &lt;otherwise&gt;&#10;                default,&#10;            &lt;/otherwise&gt;&#10;         &lt;/choose&gt;&#10;#end&#10;        )&#10;    &#10;    &lt;/insert&gt;&#10;    &#10;    &lt;update id=&quot;update&quot;&gt;&#10;        update $!tableInfo.obj.name&#10;        &lt;set&gt;&#10;#foreach($column in $tableInfo.otherColumn)&#10;            &lt;if test=&quot;data.$!column.name != null#if($column.type.equals(&quot;java.lang.String&quot;)) and data.$!column.name != ''#end&quot;&gt;&#10;                $!column.obj.name = #{data.$!column.name},&#10;            &lt;/if&gt;&#10;#end&#10;        &lt;/set&gt;&#10;        where id = #{data.id}&#10;    &lt;/update&gt;&#10;    &#10;    &lt;delete id=&quot;delete&quot;&gt;&#10;        delete from $!tableInfo.obj.name&#10;        where id in&#10;        &lt;foreach collection=&quot;ids&quot; item=&quot;item&quot; open=&quot;(&quot; close=&quot;)&quot; separator=&quot;,&quot;&gt;&#10;            #{item}&#10;        &lt;/foreach&gt;&#10;    &lt;/delete&gt;&#10;    &#10;    &lt;select id=&quot;queryEntityById&quot; resultType=&quot;$!{tableInfo.savePackageName}.entity.$!{doName}&quot;&gt;&#10;        select #allSqlColumn()&#10;        &#10;        from $!tableInfo.obj.name&#10;        where id = #{id}&#10;    &lt;/select&gt;&#10;    &#10;    &lt;select id=&quot;queryListPage&quot; resultType=&quot;$!{tableInfo.savePackageName}.entity.$!{doName}&quot;&gt;&#10;        select #allSqlColumn()&#10;        &#10;        from $!tableInfo.obj.name&#10;        order by create_at desc&#10;        limit #{offset},#{limit}&#10;    &lt;/select&gt;&#10;    &#10;    &lt;select id=&quot;querylistCount&quot; resultType=&quot;integer&quot;&gt;&#10;        select count(*)&#10;        from $!tableInfo.obj.name&#10;    &lt;/select&gt;&#10;  &#10;&lt;/mapper&gt;" />
                    <option name="name" value="mapper.xml" />
                  </Template>
                  <Template>
                    <option name="code" value="//调试表原始对象&#10;$!tool.debug($tableInfo.obj)&#10;&#10;//调试列原始对象&#10;$!tool.debug($tableInfo.fullColumn.get(0).obj)&#10;&#10;//调试列原始列类型&#10;$!tool.debug($tableInfo.fullColumn.get(0).obj.dataType)&#10;&#10;//获取原始列类型中的字段&#10;sqlType = $!tool.getField($tableInfo.fullColumn.get(0).obj.dataType, &quot;typeName&quot;)&#10;&#10;//执行原始列类型中的方法&#10;sqlTypeLen = $!tableInfo.fullColumn.get(0).obj.dataType.getLength()&#10;" />
                    <option name="name" value="debug.json" />
                  </Template>
                  <Template>
                    <option name="code" value="##定义初始变量&#10;#set($tableName = $tool.append($tableInfo.name, &quot;Mapper&quot;))&#10;#set($doName = $tool.append($tableInfo.name, &quot;Do&quot;))&#10;##设置回调&#10;$!callback.setFileName($tool.append($tableName, &quot;.java&quot;))&#10;$!callback.setSavePath($tool.append($tableInfo.savePath, &quot;/mapper&quot;))&#10;&#10;&#10;#if($tableInfo.savePackageName)package $!{tableInfo.savePackageName}.#{end}mapper;&#10;&#10;##自动导包&#10;$!autoImport&#10;import org.apache.ibatis.annotations.Param;&#10;import java.util.List;&#10;&#10;/**&#10; * @author $!author&#10; * @since $!time.currTime()&#10; */&#10;public interface $!{tableName} {&#10;&#10;    /**&#10;     * 新增数据&#10;     */&#10;    void add(@Param(&quot;data&quot;) $!{doName} data);&#10;    &#10;    /**&#10;     * 通过主键删除数据&#10;     */&#10;    void delete(@Param(&quot;ids&quot;) List&lt;Integer&gt; ids);&#10;    &#10;    /**&#10;     * 修改数据&#10;     */&#10;    void update(@Param(&quot;data&quot;) $!{doName} data);&#10;    &#10;    /**&#10;     * 通过ID查询单条数据&#10;     */&#10;    $!{doName} queryEntityById(@Param(&quot;id&quot;) Integer id);&#10;&#10;    /**&#10;     * 分页列表查询&#10;     */&#10;    List&lt;$!{doName}&gt; queryListPage(@Param(&quot;offset&quot;) Integer offset, @Param(&quot;limit&quot;) Integer limit);&#10;    &#10;    /**&#10;     * 获取分页总数&#10;     */&#10;    Integer querylistCount();&#10;}" />
                    <option name="name" value="mapper.java" />
                  </Template>
                </list>
              </option>
              <option name="name" value="Default" />
            </TemplateGroup>
          </value>
        </entry>
        <entry key="MybatisPlus">
          <value>
            <TemplateGroup>
              <option name="elementList">
                <list>
                  <Template>
                    <option name="code" value="##导入宏定义&#10;$!define&#10;&#10;##保存文件（宏定义）&#10;#save(&quot;/entity&quot;, &quot;.java&quot;)&#10;&#10;##包路径（宏定义）&#10;#setPackageSuffix(&quot;entity&quot;)&#10;&#10;##自动导入包（全局变量）&#10;$!autoImport&#10;import com.baomidou.mybatisplus.extension.activerecord.Model;&#10;import java.io.Serializable;&#10;&#10;##表注释（宏定义）&#10;#tableComment(&quot;表实体类&quot;)&#10;@SuppressWarnings(&quot;serial&quot;)&#10;public class $!{tableInfo.name} extends Model&lt;$!{tableInfo.name}&gt; {&#10;#foreach($column in $tableInfo.fullColumn)&#10;    #if(${column.comment})//${column.comment}#end&#10;&#10;    private $!{tool.getClsNameByFullName($column.type)} $!{column.name};&#10;#end&#10;&#10;#foreach($column in $tableInfo.fullColumn)&#10;#getSetMethod($column)&#10;#end&#10;&#10;#foreach($column in $tableInfo.pkColumn)&#10;    /**&#10;     * 获取主键值&#10;     *&#10;     * @return 主键值&#10;     */&#10;    @Override&#10;    protected Serializable pkVal() {&#10;        return this.$!column.name;&#10;    }&#10;    #break&#10;#end&#10;}" />
                    <option name="name" value="entity" />
                  </Template>
                  <Template>
                    <option name="code" value="##导入宏定义&#10;$!define&#10;&#10;##设置表后缀（宏定义）&#10;#setTableSuffix(&quot;Dao&quot;)&#10;&#10;##保存文件（宏定义）&#10;#save(&quot;/dao&quot;, &quot;Dao.java&quot;)&#10;&#10;##包路径（宏定义）&#10;#setPackageSuffix(&quot;dao&quot;)&#10;&#10;import com.baomidou.mybatisplus.core.mapper.BaseMapper;&#10;import $!{tableInfo.savePackageName}.entity.$!tableInfo.name;&#10;&#10;##表注释（宏定义）&#10;#tableComment(&quot;表数据库访问层&quot;)&#10;public interface $!{tableName} extends BaseMapper&lt;$!tableInfo.name&gt; {&#10;&#10;}" />
                    <option name="name" value="dao" />
                  </Template>
                  <Template>
                    <option name="code" value="##导入宏定义&#10;$!define&#10;&#10;##设置表后缀（宏定义）&#10;#setTableSuffix(&quot;Service&quot;)&#10;&#10;##保存文件（宏定义）&#10;#save(&quot;/service&quot;, &quot;Service.java&quot;)&#10;&#10;##包路径（宏定义）&#10;#setPackageSuffix(&quot;service&quot;)&#10;&#10;import com.baomidou.mybatisplus.extension.service.IService;&#10;import $!{tableInfo.savePackageName}.entity.$!tableInfo.name;&#10;&#10;##表注释（宏定义）&#10;#tableComment(&quot;表服务接口&quot;)&#10;public interface $!{tableName} extends IService&lt;$!tableInfo.name&gt; {&#10;&#10;}" />
                    <option name="name" value="service" />
                  </Template>
                  <Template>
                    <option name="code" value="##导入宏定义&#10;$!define&#10;&#10;##设置表后缀（宏定义）&#10;#setTableSuffix(&quot;ServiceImpl&quot;)&#10;&#10;##保存文件（宏定义）&#10;#save(&quot;/service/impl&quot;, &quot;ServiceImpl.java&quot;)&#10;&#10;##包路径（宏定义）&#10;#setPackageSuffix(&quot;service.impl&quot;)&#10;&#10;import com.baomidou.mybatisplus.extension.service.impl.ServiceImpl;&#10;import $!{tableInfo.savePackageName}.dao.$!{tableInfo.name}Dao;&#10;import $!{tableInfo.savePackageName}.entity.$!{tableInfo.name};&#10;import $!{tableInfo.savePackageName}.service.$!{tableInfo.name}Service;&#10;import org.springframework.stereotype.Service;&#10;&#10;##表注释（宏定义）&#10;#tableComment(&quot;表服务实现类&quot;)&#10;@Service(&quot;$!tool.firstLowerCase($tableInfo.name)Service&quot;)&#10;public class $!{tableName} extends ServiceImpl&lt;$!{tableInfo.name}Dao, $!{tableInfo.name}&gt; implements $!{tableInfo.name}Service {&#10;&#10;}" />
                    <option name="name" value="serviceImpl" />
                  </Template>
                  <Template>
                    <option name="code" value="##导入宏定义&#10;$!define&#10;&#10;##设置表后缀（宏定义）&#10;#setTableSuffix(&quot;Controller&quot;)&#10;&#10;##保存文件（宏定义）&#10;#save(&quot;/controller&quot;, &quot;Controller.java&quot;)&#10;&#10;##包路径（宏定义）&#10;#setPackageSuffix(&quot;controller&quot;)&#10;&#10;##定义服务名&#10;#set($serviceName = $!tool.append($!tool.firstLowerCase($!tableInfo.name), &quot;Service&quot;))&#10;&#10;##定义实体对象名&#10;#set($entityName = $!tool.firstLowerCase($!tableInfo.name))&#10;&#10;import com.baomidou.mybatisplus.core.conditions.query.QueryWrapper;&#10;import com.baomidou.mybatisplus.extension.api.ApiController;&#10;import com.baomidou.mybatisplus.extension.api.ApiResult;&#10;import com.baomidou.mybatisplus.extension.plugins.pagination.Page;&#10;import $!{tableInfo.savePackageName}.entity.$!tableInfo.name;&#10;import $!{tableInfo.savePackageName}.service.$!{tableInfo.name}Service;&#10;import org.springframework.web.bind.annotation.*;&#10;&#10;import javax.annotation.Resource;&#10;import java.io.Serializable;&#10;import java.util.List;&#10;&#10;##表注释（宏定义）&#10;#tableComment(&quot;表控制层&quot;)&#10;@RestController&#10;@RequestMapping(&quot;$!tool.firstLowerCase($!tableInfo.name)&quot;)&#10;public class $!{tableName} extends ApiController {&#10;    /**&#10;     * 服务对象&#10;     */&#10;    @Resource&#10;    private $!{tableInfo.name}Service $!{serviceName};&#10;&#10;    /**&#10;     * 分页查询所有数据&#10;     *&#10;     * @param page 分页对象&#10;     * @param $!entityName 查询实体&#10;     * @return 所有数据&#10;     */&#10;    @GetMapping&#10;    public ApiResult selectAll(Page&lt;$!tableInfo.name&gt; page, $!tableInfo.name $!entityName) {&#10;        return success(this.$!{serviceName}.page(page, new QueryWrapper&lt;&gt;($!entityName)));&#10;    }&#10;&#10;    /**&#10;     * 通过主键查询单条数据&#10;     *&#10;     * @param id 主键&#10;     * @return 单条数据&#10;     */&#10;    @GetMapping(&quot;{id}&quot;)&#10;    public ApiResult selectOne(@PathVariable Serializable id) {&#10;        return success(this.$!{serviceName}.getById(id));&#10;    }&#10;&#10;    /**&#10;     * 新增数据&#10;     *&#10;     * @param $!entityName 实体对象&#10;     * @return 新增结果&#10;     */&#10;    @PostMapping&#10;    public ApiResult insert(@RequestBody $!tableInfo.name $!entityName) {&#10;        return success(this.$!{serviceName}.save($!entityName));&#10;    }&#10;&#10;    /**&#10;     * 修改数据&#10;     *&#10;     * @param $!entityName 实体对象&#10;     * @return 修改结果&#10;     */&#10;    @PutMapping&#10;    public ApiResult update(@RequestBody $!tableInfo.name $!entityName) {&#10;        return success(this.$!{serviceName}.updateById($!entityName));&#10;    }&#10;&#10;    /**&#10;     * 删除数据&#10;     *&#10;     * @param idList 主键结合&#10;     * @return 删除结果&#10;     */&#10;    @DeleteMapping&#10;    public ApiResult delete(@RequestParam(&quot;idList&quot;) List&lt;Long&gt; idList) {&#10;        return success(this.$!{serviceName}.removeByIds(idList));&#10;    }&#10;}" />
                    <option name="name" value="controller" />
                  </Template>
                </list>
              </option>
              <option name="name" value="MybatisPlus" />
            </TemplateGroup>
          </value>
        </entry>
      </map>
    </option>
    <option name="typeMapperGroupMap">
      <map>
        <entry key="Default">
          <value>
            <TypeMapperGroup>
              <option name="elementList">
                <list>
                  <TypeMapper>
                    <option name="columnType" value="varchar(\(\d+\))?" />
                    <option name="javaType" value="java.lang.String" />
                  </TypeMapper>
                  <TypeMapper>
                    <option name="columnType" value="char(\(\d+\))?" />
                    <option name="javaType" value="java.lang.String" />
                  </TypeMapper>
                  <TypeMapper>
                    <option name="columnType" value="text" />
                    <option name="javaType" value="java.lang.String" />
                  </TypeMapper>
                  <TypeMapper>
                    <option name="columnType" value="decimal(\(\d+\))?" />
                    <option name="javaType" value="java.lang.Double" />
                  </TypeMapper>
                  <TypeMapper>
                    <option name="columnType" value="decimal(\(\d+,\d+\))?" />
                    <option name="javaType" value="java.lang.Double" />
                  </TypeMapper>
                  <TypeMapper>
                    <option name="columnType" value="integer" />
                    <option name="javaType" value="java.lang.Integer" />
                  </TypeMapper>
                  <TypeMapper>
                    <option name="columnType" value="int(\(\d+\))?" />
                    <option name="javaType" value="java.lang.Integer" />
                  </TypeMapper>
                  <TypeMapper>
                    <option name="columnType" value="int4" />
                    <option name="javaType" value="java.lang.Integer" />
                  </TypeMapper>
                  <TypeMapper>
                    <option name="columnType" value="int8" />
                    <option name="javaType" value="java.lang.Long" />
                  </TypeMapper>
                  <TypeMapper>
                    <option name="columnType" value="bigint(\(\d+\))?" />
                    <option name="javaType" value="java.lang.Long" />
                  </TypeMapper>
                  <TypeMapper>
                    <option name="columnType" value="datetime" />
                    <option name="javaType" value="java.util.Date" />
                  </TypeMapper>
                  <TypeMapper>
                    <option name="columnType" value="timestamp" />
                    <option name="javaType" value="java.util.Date" />
                  </TypeMapper>
                  <TypeMapper>
                    <option name="columnType" value="boolean" />
                    <option name="javaType" value="java.lang.Boolean" />
                  </TypeMapper>
                  <TypeMapper>
                    <option name="columnType" value="date" />
                    <option name="javaType" value="java.time.LocalDate" />
                  </TypeMapper>
                  <TypeMapper>
                    <option name="columnType" value="tinyint(\(\d+\))?" />
                    <option name="javaType" value="java.lang.Boolean" />
                  </TypeMapper>
                  <TypeMapper>
                    <option name="columnType" value="json" />
                    <option name="javaType" value="java.lang.Object" />
                  </TypeMapper>
                </list>
              </option>
              <option name="name" value="Default" />
            </TypeMapperGroup>
          </value>
        </entry>
      </map>
    </option>
  </component>
</application>