<application>
  <component name="LanguageInjectionConfiguration">
    <injection language="SQL" injector-id="java">
      <display-name>Insert.value (org.apache.ibatis.annotations)</display-name>
      <place><![CDATA[psiMethod().withName("value").withParameters().definedInClass("org.apache.ibatis.annotations.Insert")]]></place>
    </injection>
    <injection language="SQL" injector-id="java">
      <display-name>Select.value (org.apache.ibatis.annotations)</display-name>
      <place><![CDATA[psiMethod().withName("value").withParameters().definedInClass("org.apache.ibatis.annotations.Select")]]></place>
    </injection>
    <injection language="SQL" injector-id="java">
      <display-name>Update.value (org.apache.ibatis.annotations)</display-name>
      <place><![CDATA[psiMethod().withName("value").withParameters().definedInClass("org.apache.ibatis.annotations.Update")]]></place>
    </injection>
  </component>
</application>